<Group name="weather_anim" visibility="ifelse(isnull(#show_weather_anim),1,#show_weather_anim)*#hasWeather*not(#music_control.visibility)" alpha="#screen_alpha">
	<FramerateController name="weather_rate" loop="false">
		<ControlPoint frameRate="60" time="0"/>
		<ControlPoint frameRate="0" time="10000"/>
	</FramerateController>
	<AlphaAnimation name="weather_alpha">
		<Alpha a="255" time="0"/>
		<Alpha a="255" time="9000"/>
		<Alpha a="0" time="10000"/>
		<Alpha a="0" time="100000000000"/>
	</AlphaAnimation>
	<Var name="daytime" expression="not(#is_night)"/>
	<Var name="clear" expression="eq(#weather_id,0)+eq(#weather_id,100)+eq(#weather_id,212)+eq(#weather_id,302)"/>
	<!--晴-->
	<Group name="ani_sunshine" visibility="#clear*#daytime">
		<Image x="#view_width-420" scale="3" y="0" src="weather/halo.png">
			<AlphaAnimation>
				<Alpha a="0" time="0"/>
				<Alpha a="0" time="1300"/>
				<Alpha a="255" time="2300"/>
				<Alpha a="255" time="4700"/>
				<Alpha a="50" time="5700"/>
				<Alpha a="0" time="7000"/>
			</AlphaAnimation>
		</Image>
		<Group name="beam" pivotX="#view_width" pivotY="0">
			<RotationAnimation>
				<Rotation angle="-40" time="0"/>
				<Rotation angle="-8" time="2000"/>
				<Rotation angle="8" time="5000"/>
				<Rotation angle="35" time="7000"/>
			</RotationAnimation>
			<Image x="#screen_width" y="-100" pivotX="36" pivotY="30" rotation="75" scale="0.6" src="weather/beam.png">
				<AlphaAnimation>
					<Alpha a="0" time="0"/>
					<Alpha a="0" time="1200"/>
					<Alpha a="255" time="2200"/>
					<Alpha a="255" time="4800"/>
					<Alpha a="0" time="5800"/>
					<Alpha a="0" time="7000"/>
				</AlphaAnimation>
			</Image>
			<Image x="#screen_width" y="-100" pivotX="36" pivotY="30" rotation="45" scale="1" src="weather/beam.png">
				<AlphaAnimation>
					<Alpha a="0" time="0"/>
					<Alpha a="0" time="1200"/>
					<Alpha a="255" time="2200"/>
					<Alpha a="255" time="4800"/>
					<Alpha a="0" time="5800"/>
					<Alpha a="0" time="7000"/>
				</AlphaAnimation>
			</Image>
			<Image x="#screen_width" y="-100" pivotX="36" pivotY="30" rotation="20" scale="0.8" src="weather/beam.png">
				<AlphaAnimation>
					<Alpha a="0" time="0"/>
					<Alpha a="0" time="1200"/>
					<Alpha a="255" time="2200"/>
					<Alpha a="255" time="4800"/>
					<Alpha a="0" time="5800"/>
					<Alpha a="0" time="7000"/>
				</AlphaAnimation>
			</Image>
		</Group>
	</Group>
	<Group name="ani_clear_night" visibility="#clear*not(#daytime)">
		<Image w="#view_width" h="#view_height" src="weather/stars_overlay.png"/>
		<Image src="weather/stars.png">
			<AlphaAnimation>
				<Alpha a="0" time="0"/>
				<Alpha a="0" time="1300"/>
				<Alpha a="255" time="2300"/>
				<Alpha a="255" time="4700"/>
				<Alpha a="50" time="5700"/>
				<Alpha a="0" time="7000"/>
			</AlphaAnimation>
		</Image>
		<Image x="720" rotationY="180" src="weather/stars.png">
			<AlphaAnimation>
				<Alpha a="255" time="0"/>
				<Alpha a="255" time="1300"/>
				<Alpha a="0" time="2300"/>
				<Alpha a="0" time="4700"/>
				<Alpha a="50" time="5700"/>
				<Alpha a="255" time="7000"/>
			</AlphaAnimation>
		</Image>
		<Image x="#view_width-420" scale="3" src="weather/halo.png">
			<AlphaAnimation>
				<Alpha a="38" time="0"/>
				<Alpha a="60" time="2000"/>
				<Alpha a="60" time="5000"/>
				<Alpha a="38" time="7000"/>
			</AlphaAnimation>
		</Image>
	</Group>
	<!--多云-->
	<Group name="ani_cloud" visibility="eq(#weather_id,100)+eq(#weather_id,101)">
		<Image x="0" y="250" scale="4" src="weather/cloud_2.png">
			<PositionAnimation>
				<Position x="-1120" y="0" time="20000"/>
			</PositionAnimation>
		</Image>
		<Image x="0" y="140" scale="4" src="weather/cloud_3.png">
			<PositionAnimation>
				<Position x="-1650" y="0" time="10000"/>
			</PositionAnimation>
		</Image>
		<Image x="0" y="370" scale="4" src="weather/cloud_1.png">
			<PositionAnimation>
				<Position x="-1230" y="0" time="10000"/>
			</PositionAnimation>
		</Image>
	</Group>
	<!--雾-->
	<Group name="ani_fog" visibility="eq(#weather_id,400)">
		<Image x="-#view_width" y="150" scale="4" src="weather/fog.png">
			<PositionAnimation>
				<Position x="#view_width+400" y="0" time="10000"/>
			</PositionAnimation>
		</Image>
		<Image x="-#view_width" y="150" scale="4" src="weather/fog.png">
			<PositionAnimation delay="5000">
				<Position x="#view_width+400" y="0" time="10000"/>
			</PositionAnimation>
		</Image>
		<Image x="-318" y="150" scale="4" src="weather/fog.png">
			<AlphaAnimation>
				<Alpha a="100" time="0"/>
				<Alpha a="250" time="2000"/>
				<Alpha a="100" time="5000"/>
			</AlphaAnimation>
		</Image>
		<Image x="-118" y="50" scale="4" src="weather/fog.png">
			<AlphaAnimation>
				<Alpha a="0" time="0"/>
				<Alpha a="250" time="2000"/>
				<Alpha a="0" time="5000"/>
			</AlphaAnimation>
		</Image>
	</Group>
	<!--霾-->
	<Group name="ani_haze" visibility="ge(#weather_id,500)*le(#weather_id,504)">
		<Image x="-#view_width" y="150" scale="4" src="weather/haze.png">
			<PositionAnimation>
				<Position x="#view_width+400" y="0" time="10000"/>
			</PositionAnimation>
		</Image>
		<Image x="-#view_width" y="150" scale="4" src="weather/haze.png">
			<PositionAnimation delay="5000">
				<Position x="#view_width+400" y="0" time="10000"/>
			</PositionAnimation>
		</Image>
		<Image x="-318" y="150" scale="4" src="weather/haze.png">
			<AlphaAnimation>
				<Alpha a="100" time="0"/>
				<Alpha a="250" time="2000"/>
				<Alpha a="100" time="5000"/>
			</AlphaAnimation>
		</Image>
		<Image x="-118" y="50" scale="4" src="weather/haze.png">
			<AlphaAnimation>
				<Alpha a="0" time="0"/>
				<Alpha a="250" time="2000"/>
				<Alpha a="0" time="5000"/>
			</AlphaAnimation>
		</Image>
	</Group>
	<!--雨-->
	<Group name="ani_rain" visibility="ge(#weather_id,201)*le(#weather_id,213)+eq(#weather_id,301)">
		<Group x="-280" rotation="-8">
			<Image x="-80" y="-747" alpha="200" scale="1.5" src="weather/rain.png">
				<PositionAnimation>
					<Position x="0" y="747" time="500"/>
				</PositionAnimation>
			</Image>
			<Image x="-80" y="-747" alpha="200" src="weather/rain.png">
				<PositionAnimation>
					<Position x="0" y="747" time="400"/>
				</PositionAnimation>
			</Image>
			<Image x="100" alpha="80" src="weather/rain_spot_1.png">
				<PositionAnimation>
					<Position x="0" y="#screen_height" time="3000"/>
				</PositionAnimation>
			</Image>
			<Image x="400" alpha="80" src="weather/rain_spot_2.png">
				<PositionAnimation>
					<Position x="0" y="#screen_height" time="6000"/>
				</PositionAnimation>
			</Image>
			<Image x="80" alpha="200" src="weather/rain.png">
				<PositionAnimation>
					<Position x="0" y="747" time="500"/>
				</PositionAnimation>
			</Image>
			<Image x="80" alpha="200" scale="1.5" src="weather/rain.png">
				<PositionAnimation>
					<Position x="0" y="747" time="400"/>
				</PositionAnimation>
			</Image>
		</Group>
	</Group>
	<!--雷-->
	<Group name="ani_thunder" visibility="eq(#weather_id,213)">
		<Image scale="3" src="weather/lightning.png">
			<AlphaAnimation>
				<Alpha a="0" time="0"/>
				<Alpha a="255" time="5"/>
				<Alpha a="0" time="95"/>
				<Alpha a="0" time="2095"/>
			</AlphaAnimation>
		</Image>
		<Image scale="3" rotation="-40" y="-20" pivotX="120" src="weather/lightning.png">
			<AlphaAnimation>
				<Alpha a="0" time="0"/>
				<Alpha a="0" time="40"/>
				<Alpha a="255" time="45"/>
				<Alpha a="0" time="95"/>
				<Alpha a="0" time="2055"/>
			</AlphaAnimation>
		</Image>
		<Image scale="3" x="100" rotation="20" y="-20" pivotX="120" src="weather/lightning.png">
			<AlphaAnimation>
				<Alpha a="0" time="1000"/>
				<Alpha a="255" time="1005"/>
				<Alpha a="0" time="1100"/>
				<Alpha a="0" time="4000"/>
			</AlphaAnimation>
		</Image>
		<Image w="#view_width" src="weather/lightning_light.png">
			<AlphaAnimation>
				<Alpha a="0" time="0"/>
				<Alpha a="255" time="5"/>
				<Alpha a="0" time="95"/>
				<Alpha a="0" time="2095"/>
			</AlphaAnimation>
		</Image>
		<Image scale="1.5" w="#view_width" src="weather/lightning_light.png">
			<AlphaAnimation>
				<Alpha a="0" time="0"/>
				<Alpha a="0" time="40"/>
				<Alpha a="255" time="45"/>
				<Alpha a="0" time="95"/>
				<Alpha a="0" time="2055"/>
			</AlphaAnimation>
		</Image>
		<Image scale="2" w="#view_width" src="weather/lightning_light.png">
			<AlphaAnimation>
				<Alpha a="0" time="1000"/>
				<Alpha a="255" time="1005"/>
				<Alpha a="0" time="1100"/>
				<Alpha a="0" time="4000"/>
			</AlphaAnimation>
		</Image>
	</Group>
	<!--雪-->
	<Group name="ani_snow" visibility="ge(#weather_id,301)*le(#weather_id,309)">
		<Group x="50" rotation="5">
			<Image y="-550" alpha="120" src="weather/snow_blur.png">
				<PositionAnimation>
					<Position x="0" y="#view_height" time="10000"/>
				</PositionAnimation>
			</Image>
			<Image y="-550" x="10" alpha="120" src="weather/snow_blur.png">
				<PositionAnimation delay="2500">
					<Position x="0" y="#view_height" time="10000"/>
				</PositionAnimation>
			</Image>
			<Image y="-550" alpha="120" src="weather/snow_blur.png">
				<PositionAnimation delay="5000">
					<Position x="0" y="#view_height" time="10000"/>
				</PositionAnimation>
			</Image>
			<Image y="-550" x="10" alpha="120" src="weather/snow_blur.png">
				<PositionAnimation delay="7500">
					<Position x="0" y="#view_height" time="10000"/>
				</PositionAnimation>
			</Image>
		</Group>
		<Group x="-50" rotation="-5">
			<Image y="-550" alpha="120" src="weather/snow.png">
				<PositionAnimation>
					<Position x="0" y="#view_height" time="5500"/>
				</PositionAnimation>
			</Image>
			<Image y="-550" x="10" alpha="120" src="weather/snow.png">
				<PositionAnimation delay="1150">
					<Position x="0" y="#view_height" time="5500"/>
				</PositionAnimation>
			</Image>
			<Image y="-550" alpha="120" src="weather/snow.png">
				<PositionAnimation delay="2300">
					<Position x="0" y="#view_height" time="5500"/>
				</PositionAnimation>
			</Image>
			<Image y="-550" x="10" alpha="120" src="weather/snow.png">
				<PositionAnimation delay="3450">
					<Position x="0" y="#view_height" time="5500"/>
				</PositionAnimation>
			</Image>
		</Group>
		<Group x="-150" rotation="-6">
			<Image x="294" y="-200" alpha="60" src="weather/snow_fast.png">
				<PositionAnimation>
					<Position x="0" y="#view_height" time="3000"/>
				</PositionAnimation>
			</Image>
		</Group>
		<Group x="100" rotation="-10">
			<Image x="294" y="-200" alpha="60" src="weather/snow_fast.png">
				<PositionAnimation>
					<Position x="0" y="#view_height" time="2500"/>
				</PositionAnimation>
			</Image>
		</Group>
	</Group>
	<!--暴风雪-->
	<Group name="ani_blizzard" visibility="eq(#weather_id,309)">
		<Image x="-1876" y="140" scale="4" src="weather/cloud_3.png">
			<PositionAnimation>
				<Position x="0" y="60" time="0"/>
				<Position x="1876" y="0" time="500"/>
				<Position x="0" y="60" time="500"/>
				<Position x="1876" y="0" time="800"/>
				<Position x="2876" y="0" time="2000"/>
			</PositionAnimation>
		</Image>
		<Group x="-70">
			<PositionAnimation>
				<Position x="0" y="0" time="0"/>
				<Position x="80" y="0" time="300"/>
				<Position x="0" y="0" time="500"/>
				<Position x="80" y="0" time="800"/>
				<Position x="0" y="0" time="1000"/>
				<Position x="0" y="0" time="2000"/>
			</PositionAnimation>
			<Group x="-600" rotation="-25">
				<Image y="-747" alpha="100" scale="4" src="weather/snow_blur.png">
					<PositionAnimation>
						<Position x="0" y="747" time="1000"/>
					</PositionAnimation>
				</Image>
				<Image alpha="100" scale="4" src="weather/snow_blur.png">
					<PositionAnimation>
						<Position x="0" y="747" time="1000"/>
					</PositionAnimation>
				</Image>
			</Group>
			<Group x="-600" rotation="-25">
				<Image y="-747" alpha="80" scale="4" src="weather/snow_blur.png">
					<PositionAnimation>
						<Position x="0" y="747" time="400"/>
					</PositionAnimation>
				</Image>
				<Image alpha="80" scale="4" src="weather/snow_blur.png">
					<PositionAnimation>
						<Position x="0" y="747" time="400"/>
					</PositionAnimation>
				</Image>
			</Group>
			<Group x="-600" rotation="-25">
				<Image y="-747" alpha="200" scale="4" src="weather/snow_blur.png">
					<PositionAnimation>
						<Position x="0" y="747" time="400"/>
					</PositionAnimation>
				</Image>
				<Image alpha="200" scale="4" src="weather/snow_blur.png">
					<PositionAnimation>
						<Position x="0" y="747" time="400"/>
					</PositionAnimation>
				</Image>
			</Group>
		</Group>
		<Group x="-80" rotation="-35">
			<Image x="294" y="-1730" alpha="60" src="weather/snow_fast.png">
				<PositionAnimation>
					<Position x="0" y="2494" time="1000"/>
					<Position x="2494" y="5000" time="3000"/>
				</PositionAnimation>
			</Image>
		</Group>
		<Group x="-75" rotation="-15">
			<Image x="294" y="-1730" alpha="40" src="weather/snow_fast.png">
				<PositionAnimation>
					<Position x="0" y="2494" time="800"/>
					<Position x="2494" y="5000" time="4000"/>
				</PositionAnimation>
			</Image>
		</Group>
		<Group x="-85" rotation="-15">
			<Image x="294" y="-1730" alpha="40" src="weather/snow_fast.png">
				<PositionAnimation>
					<Position x="0" y="2494" time="1200"/>
					<Position x="2494" y="5000" time="10000"/>
				</PositionAnimation>
			</Image>
		</Group>
		<Group x="-80" rotation="-15">
			<Image x="294" y="-1730" alpha="200" src="weather/snow_fast.png">
				<PositionAnimation>
					<Position x="0" y="2494" time="1800"/>
					<Position x="2494" y="5000" time="12000"/>
				</PositionAnimation>
			</Image>
		</Group>
		<Group x="-150" rotation="-6">
			<Image x="294" y="-1730" alpha="200" src="weather/snow_fast.png">
				<PositionAnimation>
					<Position x="0" y="2494" time="200"/>
					<Position x="2494" y="5000" time="4000"/>
				</PositionAnimation>
			</Image>
		</Group>
		<Group x="-10" rotation="-6">
			<Image x="294" y="-1730" alpha="200" src="weather/snow_fast.png">
				<PositionAnimation>
					<Position x="0" y="2494" time="1000"/>
					<Position x="2494" y="5000" time="2000"/>
				</PositionAnimation>
			</Image>
		</Group>
		<Group x="-300" rotation="-6">
			<Image x="294" y="-1730" alpha="200" src="weather/snow_fast.png">
				<PositionAnimation>
					<Position x="0" y="2494" time="2400"/>
					<Position x="2494" y="5000" time="3000"/>
				</PositionAnimation>
			</Image>
		</Group>
	</Group>
	<!--冰雹-->
	<Group name="ani_hallstone" visibility="eq(#weather_id,215)">
		<Group rotation="0">
			<Image y="-747" alpha="50" src="weather/hallstone.png">
				<PositionAnimation>
					<Position x="0" y="747" time="1000"/>
				</PositionAnimation>
			</Image>
			<Image y="-747" x="20" alpha="80" src="weather/hallstone.png">
				<PositionAnimation>
					<Position x="0" y="747" time="750"/>
				</PositionAnimation>
			</Image>
			<Image y="-747" x="-20" alpha="160" src="weather/hallstone.png">
				<PositionAnimation>
					<Position x="0" y="747" time="500"/>
				</PositionAnimation>
			</Image>
			<Image y="-747" alpha="255" src="weather/hallstone.png">
				<PositionAnimation>
					<Position x="0" y="747" time="300"/>
				</PositionAnimation>
			</Image>
			<Image alpha="50" src="weather/hallstone.png">
				<PositionAnimation>
					<Position x="0" y="747" time="1000"/>
				</PositionAnimation>
			</Image>
			<Image alpha="80" x="20" src="weather/hallstone.png">
				<PositionAnimation>
					<Position x="0" y="747" time="750"/>
				</PositionAnimation>
			</Image>
			<Image alpha="160" x="-20" src="weather/hallstone.png">
				<PositionAnimation>
					<Position x="0" y="747" time="500"/>
				</PositionAnimation>
			</Image>
			<Image alpha="255" src="weather/hallstone.png">
				<PositionAnimation>
					<Position x="0" y="747" time="300"/>
				</PositionAnimation>
			</Image>
		</Group>
		<Group y="#view_height-100">
			<Image rotation="-5" x="0" src="weather/hallstone_flip.png">
				<PositionAnimation>
					<Position y="-200" x="50" time="150"/>
				</PositionAnimation>
				<AlphaAnimation>
					<Alpha a="255" time="0"/>
					<Alpha a="0" time="150"/>
				</AlphaAnimation>
			</Image>
			<Image rotation="5" x="0" src="weather/hallstone_flip.png">
				<PositionAnimation>
					<Position y="0" time="100"/>
					<Position y="-200" x="-50" time="300"/>
				</PositionAnimation>
				<AlphaAnimation>
					<Alpha a="0" time="0"/>
					<Alpha a="0" time="100"/>
					<Alpha a="255" time="100"/>
					<Alpha a="0" time="300"/>
				</AlphaAnimation>
			</Image>
			<Image rotation="-5" x="-50" src="weather/hallstone_flip.png">
				<PositionAnimation>
					<Position y="0" time="100"/>
					<Position y="-180" time="300"/>
				</PositionAnimation>
				<AlphaAnimation>
					<Alpha a="0" time="0"/>
					<Alpha a="0" time="100"/>
					<Alpha a="255" time="100"/>
					<Alpha a="0" time="300"/>
				</AlphaAnimation>
			</Image>
			<Image rotation="5" x="0" src="weather/hallstone_flip.png">
				<PositionAnimation>
					<Position y="0" time="200"/>
					<Position y="-100" time="350"/>
				</PositionAnimation>
				<AlphaAnimation>
					<Alpha a="0" time="0"/>
					<Alpha a="0" time="200"/>
					<Alpha a="255" time="200"/>
					<Alpha a="0" time="350"/>
				</AlphaAnimation>
			</Image>
			<Image rotation="-5" x="200" src="weather/hallstone_flip.png">
				<PositionAnimation>
					<Position y="0" time="500"/>
					<Position y="-150" time="700"/>
				</PositionAnimation>
				<AlphaAnimation>
					<Alpha a="0" time="0"/>
					<Alpha a="0" time="500"/>
					<Alpha a="255" time="500"/>
					<Alpha a="0" time="700"/>
				</AlphaAnimation>
			</Image>
			<Image rotation="5" x="0" src="weather/hallstone_flip.png">
				<PositionAnimation>
					<Position y="0" time="400"/>
					<Position y="-50" time="700"/>
				</PositionAnimation>
				<AlphaAnimation>
					<Alpha a="0" time="0"/>
					<Alpha a="0" time="400"/>
					<Alpha a="255" time="400"/>
					<Alpha a="0" time="600"/>
				</AlphaAnimation>
			</Image>
			<Image rotation="-5" x="100" src="weather/hallstone_flip.png">
				<PositionAnimation>
					<Position y="0" time="600"/>
					<Position y="-250" time="700"/>
				</PositionAnimation>
				<AlphaAnimation>
					<Alpha a="0" time="0"/>
					<Alpha a="0" time="600"/>
					<Alpha a="255" time="600"/>
					<Alpha a="0" time="800"/>
				</AlphaAnimation>
			</Image>
		</Group>
	</Group>
</Group>